{"cameraMode":{"drawMode":0,"name":"Shaded","section":"Shading Mode"},"sceneLighting":true,"audioPlay":false,"sceneViewState":{"showFog":true,"showMaterialUpdate":false,"showSkybox":true,"showFlares":true,"showImageEffects":true,"showParticleSystems":true},"in2DMode":false,"pivot":{"x":-51.086997985839847,"y":-12.334104537963868,"z":219.4035186767578},"rotation":{"x":-0.2959732115268707,"y":0.635854184627533,"z":-0.2887823283672333,"w":-0.6516923308372498},"size":28.412639617919923,"orthographic":false}